[
  {
    "model": "admin.logentry",
    "pk": 1,
    "fields": {
      "action_time": "2024-11-17T08:40:49.543Z",
      "user": 1,
      "content_type": 4,
      "object_id": "2",
      "object_repr": "Alice",
      "action_flag": 1,
      "change_message": "[{\"added\": {}}]"
    }
  },
  {
    "model": "admin.logentry",
    "pk": 2,
    "fields": {
      "action_time": "2024-11-17T08:40:58.204Z",
      "user": 1,
      "content_type": 4,
      "object_id": "3",
      "object_repr": "Gerogre",
      "action_flag": 1,
      "change_message": "[{\"added\": {}}]"
    }
  },
  {
    "model": "admin.logentry",
    "pk": 3,
    "fields": {
      "action_time": "2024-11-17T08:41:11.439Z",
      "user": 1,
      "content_type": 7,
      "object_id": "3",
      "object_repr": "admin",
      "action_flag": 1,
      "change_message": "[{\"added\": {}}]"
    }
  },
  {
    "model": "admin.logentry",
    "pk": 4,
    "fields": {
      "action_time": "2024-11-17T08:41:47.822Z",
      "user": 1,
      "content_type": 7,
      "object_id": "3",
      "object_repr": "admin",
      "action_flag": 2,
      "change_message": "[{\"changed\": {\"fields\": [\"Friends\"]}}]"
    }
  },
  {
    "model": "admin.logentry",
    "pk": 5,
    "fields": {
      "action_time": "2024-11-17T08:42:30.881Z",
      "user": 1,
      "content_type": 4,
      "object_id": "3",
      "object_repr": "Charlie",
      "action_flag": 2,
      "change_message": "[{\"changed\": {\"fields\": [\"Username\"]}}]"
    }
  },
  {
    "model": "admin.logentry",
    "pk": 6,
    "fields": {
      "action_time": "2024-11-20T21:26:08.135Z",
      "user": 1,
      "content_type": 8,
      "object_id": "1",
      "object_repr": "From Charlie to Alice",
      "action_flag": 1,
      "change_message": "[{\"added\": {}}]"
    }
  },
  {
    "model": "admin.logentry",
    "pk": 7,
    "fields": {
      "action_time": "2024-11-21T12:41:38.509Z",
      "user": 1,
      "content_type": 7,
      "object_id": "1",
      "object_repr": "Alice",
      "action_flag": 2,
      "change_message": "[{\"changed\": {\"fields\": [\"Friends\"]}}]"
    }
  },
  {
    "model": "admin.logentry",
    "pk": 8,
    "fields": {
      "action_time": "2024-11-21T12:41:46.780Z",
      "user": 1,
      "content_type": 7,
      "object_id": "3",
      "object_repr": "admin",
      "action_flag": 2,
      "change_message": "[{\"changed\": {\"fields\": [\"Friends\"]}}]"
    }
  },
  {
    "model": "admin.logentry",
    "pk": 9,
    "fields": {
      "action_time": "2024-11-22T09:55:06.163Z",
      "user": 1,
      "content_type": 7,
      "object_id": "3",
      "object_repr": "admin",
      "action_flag": 2,
      "change_message": "[{\"changed\": {\"fields\": [\"Friends\"]}}]"
    }
  },
  {
    "model": "admin.logentry",
    "pk": 10,
    "fields": {
      "action_time": "2024-11-22T10:03:05.361Z",
      "user": 1,
      "content_type": 7,
      "object_id": "3",
      "object_repr": "admin",
      "action_flag": 2,
      "change_message": "[{\"changed\": {\"fields\": [\"Friends\"]}}]"
    }
  },
  {
    "model": "admin.logentry",
    "pk": 11,
    "fields": {
      "action_time": "2024-11-25T12:24:32.044Z",
      "user": 1,
      "content_type": 8,
      "object_id": "11",
      "object_repr": "From admin to Charlie",
      "action_flag": 1,
      "change_message": "[{\"added\": {}}]"
    }
  },
  {
    "model": "admin.logentry",
    "pk": 12,
    "fields": {
      "action_time": "2024-11-25T12:24:58.324Z",
      "user": 1,
      "content_type": 8,
      "object_id": "12",
      "object_repr": "From Charlie to admin",
      "action_flag": 1,
      "change_message": "[{\"added\": {}}]"
    }
  },
  {
    "model": "admin.logentry",
    "pk": 13,
    "fields": {
      "action_time": "2024-11-25T13:38:43.485Z",
      "user": 1,
      "content_type": 8,
      "object_id": "13",
      "object_repr": "From Alice to admin",
      "action_flag": 1,
      "change_message": "[{\"added\": {}}]"
    }
  },
  {
    "model": "admin.logentry",
    "pk": 14,
    "fields": {
      "action_time": "2024-11-25T13:38:53.512Z",
      "user": 1,
      "content_type": 8,
      "object_id": "14",
      "object_repr": "From admin to Alice",
      "action_flag": 1,
      "change_message": "[{\"added\": {}}]"
    }
  },
  {
    "model": "admin.logentry",
    "pk": 15,
    "fields": {
      "action_time": "2024-11-27T18:42:16.609Z",
      "user": 1,
      "content_type": 4,
      "object_id": "4",
      "object_repr": "Yohan",
      "action_flag": 1,
      "change_message": "[{\"added\": {}}]"
    }
  },
  {
    "model": "admin.logentry",
    "pk": 16,
    "fields": {
      "action_time": "2024-11-27T18:42:47.439Z",
      "user": 1,
      "content_type": 8,
      "object_id": "15",
      "object_repr": "From Yohan to admin",
      "action_flag": 1,
      "change_message": "[{\"added\": {}}]"
    }
  },
  {
    "model": "admin.logentry",
    "pk": 17,
    "fields": {
      "action_time": "2024-11-28T18:11:57.852Z",
      "user": 1,
      "content_type": 8,
      "object_id": "15",
      "object_repr": "From Yohan to admin",
      "action_flag": 3,
      "change_message": ""
    }
  },
  {
    "model": "admin.logentry",
    "pk": 18,
    "fields": {
      "action_time": "2024-11-28T18:11:57.853Z",
      "user": 1,
      "content_type": 8,
      "object_id": "14",
      "object_repr": "From admin to Alice",
      "action_flag": 3,
      "change_message": ""
    }
  },
  {
    "model": "admin.logentry",
    "pk": 19,
    "fields": {
      "action_time": "2024-11-28T18:11:57.853Z",
      "user": 1,
      "content_type": 8,
      "object_id": "13",
      "object_repr": "From Alice to admin",
      "action_flag": 3,
      "change_message": ""
    }
  },
  {
    "model": "admin.logentry",
    "pk": 20,
    "fields": {
      "action_time": "2024-11-28T18:11:57.853Z",
      "user": 1,
      "content_type": 8,
      "object_id": "12",
      "object_repr": "From Charlie to admin",
      "action_flag": 3,
      "change_message": ""
    }
  },
  {
    "model": "admin.logentry",
    "pk": 21,
    "fields": {
      "action_time": "2024-11-28T18:11:57.853Z",
      "user": 1,
      "content_type": 8,
      "object_id": "11",
      "object_repr": "From admin to Charlie",
      "action_flag": 3,
      "change_message": ""
    }
  },
  {
    "model": "admin.logentry",
    "pk": 22,
    "fields": {
      "action_time": "2024-11-28T18:11:57.853Z",
      "user": 1,
      "content_type": 8,
      "object_id": "3",
      "object_repr": "From Alice to Charlie",
      "action_flag": 3,
      "change_message": ""
    }
  },
  {
    "model": "admin.logentry",
    "pk": 23,
    "fields": {
      "action_time": "2024-11-28T18:12:09.515Z",
      "user": 1,
      "content_type": 8,
      "object_id": "16",
      "object_repr": "From admin to Yohan",
      "action_flag": 3,
      "change_message": ""
    }
  },
  {
    "model": "admin.logentry",
    "pk": 24,
    "fields": {
      "action_time": "2024-11-28T18:14:58.197Z",
      "user": 1,
      "content_type": 7,
      "object_id": "3",
      "object_repr": "admin",
      "action_flag": 2,
      "change_message": "[{\"changed\": {\"fields\": [\"Friends\"]}}]"
    }
  },
  {
    "model": "admin.logentry",
    "pk": 25,
    "fields": {
      "action_time": "2024-11-28T18:15:01.759Z",
      "user": 1,
      "content_type": 7,
      "object_id": "4",
      "object_repr": "Yohan",
      "action_flag": 2,
      "change_message": "[]"
    }
  },
  {
    "model": "admin.logentry",
    "pk": 26,
    "fields": {
      "action_time": "2024-11-28T18:15:05.228Z",
      "user": 1,
      "content_type": 7,
      "object_id": "2",
      "object_repr": "Charlie",
      "action_flag": 2,
      "change_message": "[]"
    }
  },
  {
    "model": "admin.logentry",
    "pk": 27,
    "fields": {
      "action_time": "2024-11-28T18:15:07.942Z",
      "user": 1,
      "content_type": 7,
      "object_id": "1",
      "object_repr": "Alice",
      "action_flag": 2,
      "change_message": "[]"
    }
  },
  {
    "model": "admin.logentry",
    "pk": 28,
    "fields": {
      "action_time": "2024-11-28T20:04:14.519Z",
      "user": 1,
      "content_type": 11,
      "object_id": "1",
      "object_repr": "FIrst",
      "action_flag": 1,
      "change_message": "[{\"added\": {}}]"
    }
  },
  {
    "model": "admin.logentry",
    "pk": 29,
    "fields": {
      "action_time": "2024-12-01T19:51:15.092Z",
      "user": 1,
      "content_type": 11,
      "object_id": "16",
      "object_repr": "xxx",
      "action_flag": 3,
      "change_message": ""
    }
  },
  {
    "model": "admin.logentry",
    "pk": 30,
    "fields": {
      "action_time": "2024-12-01T19:51:15.093Z",
      "user": 1,
      "content_type": 11,
      "object_id": "15",
      "object_repr": "xx",
      "action_flag": 3,
      "change_message": ""
    }
  },
  {
    "model": "admin.logentry",
    "pk": 31,
    "fields": {
      "action_time": "2024-12-01T19:51:15.093Z",
      "user": 1,
      "content_type": 11,
      "object_id": "14",
      "object_repr": "zzzz",
      "action_flag": 3,
      "change_message": ""
    }
  },
  {
    "model": "admin.logentry",
    "pk": 32,
    "fields": {
      "action_time": "2024-12-01T19:51:15.093Z",
      "user": 1,
      "content_type": 11,
      "object_id": "13",
      "object_repr": "asd",
      "action_flag": 3,
      "change_message": ""
    }
  },
  {
    "model": "admin.logentry",
    "pk": 33,
    "fields": {
      "action_time": "2024-12-01T19:51:15.093Z",
      "user": 1,
      "content_type": 11,
      "object_id": "12",
      "object_repr": "asdasd",
      "action_flag": 3,
      "change_message": ""
    }
  },
  {
    "model": "admin.logentry",
    "pk": 34,
    "fields": {
      "action_time": "2024-12-01T19:51:15.093Z",
      "user": 1,
      "content_type": 11,
      "object_id": "11",
      "object_repr": "asd",
      "action_flag": 3,
      "change_message": ""
    }
  },
  {
    "model": "admin.logentry",
    "pk": 35,
    "fields": {
      "action_time": "2024-12-01T20:01:40.488Z",
      "user": 1,
      "content_type": 11,
      "object_id": "23",
      "object_repr": "zxc",
      "action_flag": 3,
      "change_message": ""
    }
  },
  {
    "model": "admin.logentry",
    "pk": 36,
    "fields": {
      "action_time": "2024-12-01T20:01:40.488Z",
      "user": 1,
      "content_type": 11,
      "object_id": "22",
      "object_repr": "asd",
      "action_flag": 3,
      "change_message": ""
    }
  },
  {
    "model": "admin.logentry",
    "pk": 37,
    "fields": {
      "action_time": "2024-12-01T20:01:40.488Z",
      "user": 1,
      "content_type": 11,
      "object_id": "21",
      "object_repr": "asd",
      "action_flag": 3,
      "change_message": ""
    }
  },
  {
    "model": "admin.logentry",
    "pk": 38,
    "fields": {
      "action_time": "2024-12-01T20:01:40.488Z",
      "user": 1,
      "content_type": 11,
      "object_id": "20",
      "object_repr": "asd",
      "action_flag": 3,
      "change_message": ""
    }
  },
  {
    "model": "admin.logentry",
    "pk": 39,
    "fields": {
      "action_time": "2024-12-01T20:01:40.488Z",
      "user": 1,
      "content_type": 11,
      "object_id": "19",
      "object_repr": "asd",
      "action_flag": 3,
      "change_message": ""
    }
  },
  {
    "model": "admin.logentry",
    "pk": 40,
    "fields": {
      "action_time": "2024-12-01T20:01:40.488Z",
      "user": 1,
      "content_type": 11,
      "object_id": "18",
      "object_repr": "zc",
      "action_flag": 3,
      "change_message": ""
    }
  },
  {
    "model": "admin.logentry",
    "pk": 41,
    "fields": {
      "action_time": "2024-12-01T20:01:40.488Z",
      "user": 1,
      "content_type": 11,
      "object_id": "17",
      "object_repr": "asd",
      "action_flag": 3,
      "change_message": ""
    }
  },
  {
    "model": "admin.logentry",
    "pk": 42,
    "fields": {
      "action_time": "2024-12-01T20:56:47.646Z",
      "user": 1,
      "content_type": 11,
      "object_id": "28",
      "object_repr": "jjjjjj",
      "action_flag": 3,
      "change_message": ""
    }
  },
  {
    "model": "admin.logentry",
    "pk": 43,
    "fields": {
      "action_time": "2024-12-01T20:56:47.646Z",
      "user": 1,
      "content_type": 11,
      "object_id": "27",
      "object_repr": "bbb",
      "action_flag": 3,
      "change_message": ""
    }
  },
  {
    "model": "admin.logentry",
    "pk": 44,
    "fields": {
      "action_time": "2024-12-01T20:56:47.646Z",
      "user": 1,
      "content_type": 11,
      "object_id": "26",
      "object_repr": "zxc",
      "action_flag": 3,
      "change_message": ""
    }
  },
  {
    "model": "admin.logentry",
    "pk": 45,
    "fields": {
      "action_time": "2024-12-01T20:56:47.646Z",
      "user": 1,
      "content_type": 11,
      "object_id": "25",
      "object_repr": "asd",
      "action_flag": 3,
      "change_message": ""
    }
  },
  {
    "model": "admin.logentry",
    "pk": 46,
    "fields": {
      "action_time": "2024-12-01T20:56:47.646Z",
      "user": 1,
      "content_type": 11,
      "object_id": "24",
      "object_repr": "asd",
      "action_flag": 3,
      "change_message": ""
    }
  },
  {
    "model": "admin.logentry",
    "pk": 47,
    "fields": {
      "action_time": "2024-12-01T20:57:01.055Z",
      "user": 1,
      "content_type": 8,
      "object_id": "17",
      "object_repr": "From admin to Charlie",
      "action_flag": 3,
      "change_message": ""
    }
  },
  {
    "model": "admin.logentry",
    "pk": 48,
    "fields": {
      "action_time": "2024-12-01T21:00:15.570Z",
      "user": 1,
      "content_type": 7,
      "object_id": "3",
      "object_repr": "admin",
      "action_flag": 2,
      "change_message": "[{\"changed\": {\"fields\": [\"Friends\"]}}]"
    }
  },
  {
    "model": "admin.logentry",
    "pk": 49,
    "fields": {
      "action_time": "2024-12-01T21:15:20.871Z",
      "user": 1,
      "content_type": 11,
      "object_id": "31",
      "object_repr": "zxczxcasd",
      "action_flag": 3,
      "change_message": ""
    }
  },
  {
    "model": "admin.logentry",
    "pk": 50,
    "fields": {
      "action_time": "2024-12-01T21:15:20.871Z",
      "user": 1,
      "content_type": 11,
      "object_id": "30",
      "object_repr": "aa",
      "action_flag": 3,
      "change_message": ""
    }
  },
  {
    "model": "admin.logentry",
    "pk": 51,
    "fields": {
      "action_time": "2024-12-01T21:15:20.871Z",
      "user": 1,
      "content_type": 11,
      "object_id": "29",
      "object_repr": "za",
      "action_flag": 3,
      "change_message": ""
    }
  },
  {
    "model": "admin.logentry",
    "pk": 52,
    "fields": {
      "action_time": "2024-12-02T18:09:28.229Z",
      "user": 1,
      "content_type": 8,
      "object_id": "18",
      "object_repr": "From Charlie to admin",
      "action_flag": 3,
      "change_message": ""
    }
  },
  {
    "model": "admin.logentry",
    "pk": 53,
    "fields": {
      "action_time": "2024-12-02T18:15:55.354Z",
      "user": 1,
      "content_type": 7,
      "object_id": "3",
      "object_repr": "admin",
      "action_flag": 2,
      "change_message": "[{\"changed\": {\"fields\": [\"Friends\"]}}]"
    }
  },
  {
    "model": "admin.logentry",
    "pk": 54,
    "fields": {
      "action_time": "2024-12-02T18:16:02.617Z",
      "user": 1,
      "content_type": 7,
      "object_id": "2",
      "object_repr": "Charlie",
      "action_flag": 2,
      "change_message": "[]"
    }
  },
  {
    "model": "admin.logentry",
    "pk": 55,
    "fields": {
      "action_time": "2024-12-02T18:16:06.907Z",
      "user": 1,
      "content_type": 7,
      "object_id": "3",
      "object_repr": "admin",
      "action_flag": 2,
      "change_message": "[]"
    }
  },
  {
    "model": "admin.logentry",
    "pk": 56,
    "fields": {
      "action_time": "2024-12-02T18:17:03.452Z",
      "user": 1,
      "content_type": 7,
      "object_id": "3",
      "object_repr": "admin",
      "action_flag": 2,
      "change_message": "[{\"changed\": {\"fields\": [\"Friends\"]}}]"
    }
  },
  {
    "model": "admin.logentry",
    "pk": 57,
    "fields": {
      "action_time": "2024-12-02T18:19:23.704Z",
      "user": 1,
      "content_type": 7,
      "object_id": "3",
      "object_repr": "admin",
      "action_flag": 2,
      "change_message": "[{\"changed\": {\"fields\": [\"Friends\"]}}]"
    }
  },
  {
    "model": "admin.logentry",
    "pk": 58,
    "fields": {
      "action_time": "2024-12-02T18:31:23.208Z",
      "user": 1,
      "content_type": 7,
      "object_id": "3",
      "object_repr": "admin",
      "action_flag": 2,
      "change_message": "[{\"changed\": {\"fields\": [\"Friends\"]}}]"
    }
  },
  {
    "model": "admin.logentry",
    "pk": 59,
    "fields": {
      "action_time": "2024-12-02T18:34:55.576Z",
      "user": 1,
      "content_type": 7,
      "object_id": "3",
      "object_repr": "admin",
      "action_flag": 2,
      "change_message": "[{\"changed\": {\"fields\": [\"Friends\"]}}]"
    }
  },
  {
    "model": "admin.logentry",
    "pk": 60,
    "fields": {
      "action_time": "2024-12-02T18:35:25.445Z",
      "user": 1,
      "content_type": 7,
      "object_id": "3",
      "object_repr": "admin",
      "action_flag": 2,
      "change_message": "[{\"changed\": {\"fields\": [\"Friends\"]}}]"
    }
  },
  {
    "model": "admin.logentry",
    "pk": 61,
    "fields": {
      "action_time": "2024-12-02T18:35:31.001Z",
      "user": 1,
      "content_type": 8,
      "object_id": "20",
      "object_repr": "From Charlie to admin",
      "action_flag": 3,
      "change_message": ""
    }
  },
  {
    "model": "admin.logentry",
    "pk": 62,
    "fields": {
      "action_time": "2024-12-02T18:35:31.001Z",
      "user": 1,
      "content_type": 8,
      "object_id": "19",
      "object_repr": "From admin to Charlie",
      "action_flag": 3,
      "change_message": ""
    }
  },
  {
    "model": "admin.logentry",
    "pk": 63,
    "fields": {
      "action_time": "2024-12-02T18:45:25.358Z",
      "user": 1,
      "content_type": 8,
      "object_id": "22",
      "object_repr": "From admin to Charlie",
      "action_flag": 3,
      "change_message": ""
    }
  },
  {
    "model": "admin.logentry",
    "pk": 64,
    "fields": {
      "action_time": "2024-12-02T18:45:25.358Z",
      "user": 1,
      "content_type": 8,
      "object_id": "21",
      "object_repr": "From Charlie to admin",
      "action_flag": 3,
      "change_message": ""
    }
  },
  {
    "model": "admin.logentry",
    "pk": 65,
    "fields": {
      "action_time": "2024-12-02T18:45:35.521Z",
      "user": 1,
      "content_type": 7,
      "object_id": "3",
      "object_repr": "admin",
      "action_flag": 2,
      "change_message": "[{\"changed\": {\"fields\": [\"Friends\"]}}]"
    }
  },
  {
    "model": "admin.logentry",
    "pk": 66,
    "fields": {
      "action_time": "2024-12-02T18:47:49.797Z",
      "user": 1,
      "content_type": 8,
      "object_id": "23",
      "object_repr": "From Charlie to admin",
      "action_flag": 3,
      "change_message": ""
    }
  },
  {
    "model": "admin.logentry",
    "pk": 67,
    "fields": {
      "action_time": "2024-12-02T18:49:10.230Z",
      "user": 1,
      "content_type": 8,
      "object_id": "24",
      "object_repr": "From Charlie to admin",
      "action_flag": 3,
      "change_message": ""
    }
  },
  {
    "model": "admin.logentry",
    "pk": 68,
    "fields": {
      "action_time": "2024-12-04T12:15:32.481Z",
      "user": 1,
      "content_type": 12,
      "object_id": "1",
      "object_repr": "first comment",
      "action_flag": 1,
      "change_message": "[{\"added\": {}}]"
    }
  },
  {
    "model": "admin.logentry",
    "pk": 69,
    "fields": {
      "action_time": "2024-12-05T13:05:17.749Z",
      "user": 1,
      "content_type": 13,
      "object_id": "1",
      "object_repr": "Channel 1 - Participants: 2",
      "action_flag": 1,
      "change_message": "[{\"added\": {}}]"
    }
  },
  {
    "model": "admin.logentry",
    "pk": 70,
    "fields": {
      "action_time": "2024-12-05T13:05:40.209Z",
      "user": 1,
      "content_type": 14,
      "object_id": "1",
      "object_repr": "Message 1 by admin in Channel 1",
      "action_flag": 1,
      "change_message": "[{\"added\": {}}]"
    }
  },
  {
    "model": "admin.logentry",
    "pk": 71,
    "fields": {
      "action_time": "2024-12-06T19:57:49.166Z",
      "user": 1,
      "content_type": 13,
      "object_id": "1",
      "object_repr": "Channel 1 - Participants: 2",
      "action_flag": 3,
      "change_message": ""
    }
  },
  {
    "model": "admin.logentry",
    "pk": 72,
    "fields": {
      "action_time": "2024-12-06T19:59:37.148Z",
      "user": 1,
      "content_type": 13,
      "object_id": "2",
      "object_repr": "Channel 2 - Participants: 2",
      "action_flag": 3,
      "change_message": ""
    }
  },
  {
    "model": "admin.logentry",
    "pk": 73,
    "fields": {
      "action_time": "2024-12-06T20:02:17.981Z",
      "user": 1,
      "content_type": 13,
      "object_id": "3",
      "object_repr": "Channel 3 - Participants: 2",
      "action_flag": 3,
      "change_message": ""
    }
  },
  {
    "model": "admin.logentry",
    "pk": 74,
    "fields": {
      "action_time": "2024-12-06T20:02:40.928Z",
      "user": 1,
      "content_type": 13,
      "object_id": "4",
      "object_repr": "Channel 4 - Participants: 2",
      "action_flag": 3,
      "change_message": ""
    }
  },
  {
    "model": "admin.logentry",
    "pk": 75,
    "fields": {
      "action_time": "2024-12-06T20:03:48.329Z",
      "user": 1,
      "content_type": 13,
      "object_id": "5",
      "object_repr": "Channel 5 - Participants: 2",
      "action_flag": 3,
      "change_message": ""
    }
  },
  {
    "model": "admin.logentry",
    "pk": 76,
    "fields": {
      "action_time": "2024-12-06T20:05:14.477Z",
      "user": 1,
      "content_type": 13,
      "object_id": "6",
      "object_repr": "Channel 6 - Participants: 2",
      "action_flag": 3,
      "change_message": ""
    }
  },
  {
    "model": "admin.logentry",
    "pk": 77,
    "fields": {
      "action_time": "2024-12-06T20:07:15.820Z",
      "user": 1,
      "content_type": 13,
      "object_id": "7",
      "object_repr": "Channel 7 - Participants: 2",
      "action_flag": 3,
      "change_message": ""
    }
  },
  {
    "model": "admin.logentry",
    "pk": 78,
    "fields": {
      "action_time": "2024-12-06T20:10:56.486Z",
      "user": 1,
      "content_type": 13,
      "object_id": "10",
      "object_repr": "Channel 10 - Participants: 2",
      "action_flag": 3,
      "change_message": ""
    }
  },
  {
    "model": "admin.logentry",
    "pk": 79,
    "fields": {
      "action_time": "2024-12-06T20:10:56.486Z",
      "user": 1,
      "content_type": 13,
      "object_id": "9",
      "object_repr": "Channel 9 - Participants: 2",
      "action_flag": 3,
      "change_message": ""
    }
  },
  {
    "model": "admin.logentry",
    "pk": 80,
    "fields": {
      "action_time": "2024-12-06T20:10:56.486Z",
      "user": 1,
      "content_type": 13,
      "object_id": "8",
      "object_repr": "Channel 8 - Participants: 2",
      "action_flag": 3,
      "change_message": ""
    }
  },
  {
    "model": "admin.logentry",
    "pk": 81,
    "fields": {
      "action_time": "2024-12-06T20:17:22.930Z",
      "user": 1,
      "content_type": 13,
      "object_id": "11",
      "object_repr": "Channel 11 - Participants: 2",
      "action_flag": 3,
      "change_message": ""
    }
  },
  {
    "model": "admin.logentry",
    "pk": 82,
    "fields": {
      "action_time": "2024-12-06T20:18:21.031Z",
      "user": 1,
      "content_type": 13,
      "object_id": "12",
      "object_repr": "Channel 12 - Participants: 2",
      "action_flag": 3,
      "change_message": ""
    }
  },
  {
    "model": "admin.logentry",
    "pk": 83,
    "fields": {
      "action_time": "2024-12-06T20:19:17.158Z",
      "user": 1,
      "content_type": 13,
      "object_id": "13",
      "object_repr": "Channel 13 - Participants: 2",
      "action_flag": 3,
      "change_message": ""
    }
  },
  {
    "model": "admin.logentry",
    "pk": 84,
    "fields": {
      "action_time": "2024-12-06T20:22:08.855Z",
      "user": 1,
      "content_type": 13,
      "object_id": "14",
      "object_repr": "Channel 14 - Participants: 2",
      "action_flag": 3,
      "change_message": ""
    }
  },
  {
    "model": "admin.logentry",
    "pk": 85,
    "fields": {
      "action_time": "2024-12-06T20:30:07.974Z",
      "user": 1,
      "content_type": 13,
      "object_id": "15",
      "object_repr": "Channel 15 - Participants: 2",
      "action_flag": 3,
      "change_message": ""
    }
  },
  {
    "model": "admin.logentry",
    "pk": 86,
    "fields": {
      "action_time": "2024-12-06T21:23:13.767Z",
      "user": 1,
      "content_type": 14,
      "object_id": "2",
      "object_repr": "Message 2 by admin in Channel 16",
      "action_flag": 1,
      "change_message": "[{\"added\": {}}]"
    }
  },
  {
    "model": "admin.logentry",
    "pk": 87,
    "fields": {
      "action_time": "2024-12-07T15:58:49.634Z",
      "user": 1,
      "content_type": 13,
      "object_id": "17",
      "object_repr": "Channel 17 - Participants: 2",
      "action_flag": 3,
      "change_message": ""
    }
  },
  {
    "model": "admin.logentry",
    "pk": 88,
    "fields": {
      "action_time": "2024-12-07T19:17:02.467Z",
      "user": 1,
      "content_type": 8,
      "object_id": "61",
      "object_repr": "From Yohan to admin",
      "action_flag": 1,
      "change_message": "[{\"added\": {}}]"
    }
  },
  {
    "model": "admin.logentry",
    "pk": 89,
    "fields": {
      "action_time": "2024-12-07T19:17:07.070Z",
      "user": 1,
      "content_type": 8,
      "object_id": "61",
      "object_repr": "From Yohan to admin",
      "action_flag": 2,
      "change_message": "[]"
    }
  },
  {
    "model": "admin.logentry",
    "pk": 90,
    "fields": {
      "action_time": "2024-12-07T19:17:12.142Z",
      "user": 1,
      "content_type": 8,
      "object_id": "62",
      "object_repr": "From admin to Yohan",
      "action_flag": 1,
      "change_message": "[{\"added\": {}}]"
    }
  },
  {
    "model": "admin.logentry",
    "pk": 91,
    "fields": {
      "action_time": "2024-12-07T19:17:35.691Z",
      "user": 1,
      "content_type": 13,
      "object_id": "18",
      "object_repr": "Channel 18 - Participants: 2",
      "action_flag": 1,
      "change_message": "[{\"added\": {}}]"
    }
  },
  {
    "model": "admin.logentry",
    "pk": 92,
    "fields": {
      "action_time": "2024-12-07T19:17:54.143Z",
      "user": 1,
      "content_type": 14,
      "object_id": "9",
      "object_repr": "Message 9 by Yohan in Channel 18",
      "action_flag": 1,
      "change_message": "[{\"added\": {}}]"
    }
  },
  {
    "model": "admin.logentry",
    "pk": 93,
    "fields": {
      "action_time": "2024-12-07T20:06:08.819Z",
      "user": 1,
      "content_type": 8,
      "object_id": "62",
      "object_repr": "From admin to Yohan",
      "action_flag": 3,
      "change_message": ""
    }
  },
  {
    "model": "admin.logentry",
    "pk": 94,
    "fields": {
      "action_time": "2024-12-07T20:06:08.820Z",
      "user": 1,
      "content_type": 8,
      "object_id": "61",
      "object_repr": "From Yohan to admin",
      "action_flag": 3,
      "change_message": ""
    }
  },
  {
    "model": "admin.logentry",
    "pk": 95,
    "fields": {
      "action_time": "2024-12-07T20:08:21.336Z",
      "user": 1,
      "content_type": 8,
      "object_id": "63",
      "object_repr": "From Yohan to admin",
      "action_flag": 1,
      "change_message": "[{\"added\": {}}]"
    }
  },
  {
    "model": "admin.logentry",
    "pk": 96,
    "fields": {
      "action_time": "2024-12-07T20:08:26.489Z",
      "user": 1,
      "content_type": 8,
      "object_id": "64",
      "object_repr": "From admin to Yohan",
      "action_flag": 1,
      "change_message": "[{\"added\": {}}]"
    }
  },
  {
    "model": "admin.logentry",
    "pk": 97,
    "fields": {
      "action_time": "2024-12-07T20:34:46.822Z",
      "user": 1,
      "content_type": 13,
      "object_id": "19",
      "object_repr": "Channel 19 - Participants: 2",
      "action_flag": 3,
      "change_message": ""
    }
  },
  {
    "model": "admin.logentry",
    "pk": 98,
    "fields": {
      "action_time": "2024-12-09T16:41:35.096Z",
      "user": 1,
      "content_type": 11,
      "object_id": "44",
      "object_repr": "fg",
      "action_flag": 1,
      "change_message": "[{\"added\": {}}]"
    }
  },
  {
    "model": "admin.logentry",
    "pk": 99,
    "fields": {
      "action_time": "2024-12-09T16:43:26.412Z",
      "user": 1,
      "content_type": 11,
      "object_id": "44",
      "object_repr": "Yohan_first",
      "action_flag": 2,
      "change_message": "[{\"changed\": {\"fields\": [\"Title\", \"Content\"]}}]"
    }
  },
  {
    "model": "admin.logentry",
    "pk": 100,
    "fields": {
      "action_time": "2024-12-17T12:43:11.741Z",
      "user": 1,
      "content_type": 13,
      "object_id": "21",
      "object_repr": "Channel 21 - Participants: Alice and admin",
      "action_flag": 3,
      "change_message": ""
    }
  },
  {
    "model": "admin.logentry",
    "pk": 101,
    "fields": {
      "action_time": "2024-12-18T21:50:09.841Z",
      "user": 1,
      "content_type": 9,
      "object_id": "6",
      "object_repr": "Alice, newbie - new",
      "action_flag": 3,
      "change_message": ""
    }
  },
  {
    "model": "admin.logentry",
    "pk": 102,
    "fields": {
      "action_time": "2024-12-18T21:50:09.842Z",
      "user": 1,
      "content_type": 9,
      "object_id": "5",
      "object_repr": "Alice, newbie - new",
      "action_flag": 3,
      "change_message": ""
    }
  },
  {
    "model": "admin.logentry",
    "pk": 103,
    "fields": {
      "action_time": "2024-12-18T21:50:09.842Z",
      "user": 1,
      "content_type": 9,
      "object_id": "4",
      "object_repr": "Alice, newbie - new",
      "action_flag": 3,
      "change_message": ""
    }
  },
  {
    "model": "admin.logentry",
    "pk": 104,
    "fields": {
      "action_time": "2024-12-18T22:12:41.084Z",
      "user": 1,
      "content_type": 9,
      "object_id": "10",
      "object_repr": "Alice, newbie - new",
      "action_flag": 3,
      "change_message": ""
    }
  },
  {
    "model": "admin.logentry",
    "pk": 105,
    "fields": {
      "action_time": "2024-12-18T22:12:41.085Z",
      "user": 1,
      "content_type": 9,
      "object_id": "9",
      "object_repr": "Alice, newbie - new",
      "action_flag": 3,
      "change_message": ""
    }
  },
  {
    "model": "admin.logentry",
    "pk": 106,
    "fields": {
      "action_time": "2024-12-18T22:12:41.085Z",
      "user": 1,
      "content_type": 9,
      "object_id": "8",
      "object_repr": "Alice, newbie - new",
      "action_flag": 3,
      "change_message": ""
    }
  },
  {
    "model": "admin.logentry",
    "pk": 107,
    "fields": {
      "action_time": "2024-12-18T22:14:22.436Z",
      "user": 1,
      "content_type": 9,
      "object_id": "12",
      "object_repr": "Alice, newbie - new",
      "action_flag": 3,
      "change_message": ""
    }
  },
  {
    "model": "admin.logentry",
    "pk": 108,
    "fields": {
      "action_time": "2024-12-19T15:30:36.432Z",
      "user": 1,
      "content_type": 10,
      "object_id": "4",
      "object_repr": "asdasdasdasdasdasdasdasd - admin",
      "action_flag": 3,
      "change_message": ""
    }
  },
  {
    "model": "admin.logentry",
    "pk": 109,
    "fields": {
      "action_time": "2024-12-20T15:12:52.384Z",
      "user": 1,
      "content_type": 13,
      "object_id": "22",
      "object_repr": "Channel 22 - Participants: Alice and admin",
      "action_flag": 3,
      "change_message": ""
    }
  },
  {
    "model": "admin.logentry",
    "pk": 110,
    "fields": {
      "action_time": "2024-12-22T15:30:46.256Z",
      "user": 1,
      "content_type": 17,
      "object_id": "1",
      "object_repr": "owner - firsta",
      "action_flag": 1,
      "change_message": "[{\"added\": {}}]"
    }
  },
  {
    "model": "admin.logentry",
    "pk": 111,
    "fields": {
      "action_time": "2024-12-22T15:30:53.312Z",
      "user": 1,
      "content_type": 17,
      "object_id": "2",
      "object_repr": "admin - firsta",
      "action_flag": 1,
      "change_message": "[{\"added\": {}}]"
    }
  },
  {
    "model": "admin.logentry",
    "pk": 112,
    "fields": {
      "action_time": "2025-01-15T21:44:43.825Z",
      "user": 1,
      "content_type": 18,
      "object_id": "1",
      "object_repr": "admin - weather",
      "action_flag": 1,
      "change_message": "[{\"added\": {}}]"
    }
  },
  {
    "model": "admin.logentry",
    "pk": 113,
    "fields": {
      "action_time": "2025-01-19T12:09:36.092Z",
      "user": 1,
      "content_type": 18,
      "object_id": "1",
      "object_repr": "admin - weather",
      "action_flag": 2,
      "change_message": "[{\"changed\": {\"fields\": [\"Query params\"]}}]"
    }
  },
  {
    "model": "admin.logentry",
    "pk": 114,
    "fields": {
      "action_time": "2025-01-20T14:39:44.776Z",
      "user": 1,
      "content_type": 18,
      "object_id": "2",
      "object_repr": "admin - weather",
      "action_flag": 3,
      "change_message": ""
    }
  },
  {
    "model": "admin.logentry",
    "pk": 115,
    "fields": {
      "action_time": "2025-01-20T14:39:47.767Z",
      "user": 1,
      "content_type": 18,
      "object_id": "1",
      "object_repr": "admin - weather",
      "action_flag": 3,
      "change_message": ""
    }
  },
  {
    "model": "admin.logentry",
    "pk": 116,
    "fields": {
      "action_time": "2025-01-20T14:44:09.362Z",
      "user": 1,
      "content_type": 18,
      "object_id": "5",
      "object_repr": "admin - weather",
      "action_flag": 3,
      "change_message": ""
    }
  },
  {
    "model": "admin.logentry",
    "pk": 117,
    "fields": {
      "action_time": "2025-01-20T14:44:09.362Z",
      "user": 1,
      "content_type": 18,
      "object_id": "4",
      "object_repr": "admin - weather",
      "action_flag": 3,
      "change_message": ""
    }
  },
  {
    "model": "admin.logentry",
    "pk": 118,
    "fields": {
      "action_time": "2025-01-20T14:44:09.362Z",
      "user": 1,
      "content_type": 18,
      "object_id": "3",
      "object_repr": "admin - weather",
      "action_flag": 3,
      "change_message": ""
    }
  },
  {
    "model": "admin.logentry",
    "pk": 119,
    "fields": {
      "action_time": "2025-01-20T15:05:28.530Z",
      "user": 1,
      "content_type": 18,
      "object_id": "6",
      "object_repr": "admin - weather",
      "action_flag": 3,
      "change_message": ""
    }
  },
  {
    "model": "admin.logentry",
    "pk": 120,
    "fields": {
      "action_time": "2025-01-22T19:32:20.351Z",
      "user": 1,
      "content_type": 18,
      "object_id": "10",
      "object_repr": "admin - weather",
      "action_flag": 3,
      "change_message": ""
    }
  },
  {
    "model": "admin.logentry",
    "pk": 121,
    "fields": {
      "action_time": "2025-01-22T19:32:20.351Z",
      "user": 1,
      "content_type": 18,
      "object_id": "9",
      "object_repr": "admin - weather",
      "action_flag": 3,
      "change_message": ""
    }
  },
  {
    "model": "admin.logentry",
    "pk": 122,
    "fields": {
      "action_time": "2025-01-22T19:32:20.351Z",
      "user": 1,
      "content_type": 18,
      "object_id": "8",
      "object_repr": "admin - weather",
      "action_flag": 3,
      "change_message": ""
    }
  },
  {
    "model": "admin.logentry",
    "pk": 123,
    "fields": {
      "action_time": "2025-01-22T19:32:20.351Z",
      "user": 1,
      "content_type": 18,
      "object_id": "7",
      "object_repr": "admin - weather",
      "action_flag": 3,
      "change_message": ""
    }
  },
  {
    "model": "admin.logentry",
    "pk": 124,
    "fields": {
      "action_time": "2025-01-24T22:46:33.633Z",
      "user": 1,
      "content_type": 18,
      "object_id": "16",
      "object_repr": "admin - crypto",
      "action_flag": 1,
      "change_message": "[{\"added\": {}}]"
    }
  },
  {
    "model": "auth.permission",
    "pk": 1,
    "fields": {
      "name": "Can add log entry",
      "content_type": 1,
      "codename": "add_logentry"
    }
  },
  {
    "model": "auth.permission",
    "pk": 2,
    "fields": {
      "name": "Can change log entry",
      "content_type": 1,
      "codename": "change_logentry"
    }
  },
  {
    "model": "auth.permission",
    "pk": 3,
    "fields": {
      "name": "Can delete log entry",
      "content_type": 1,
      "codename": "delete_logentry"
    }
  },
  {
    "model": "auth.permission",
    "pk": 4,
    "fields": {
      "name": "Can view log entry",
      "content_type": 1,
      "codename": "view_logentry"
    }
  },
  {
    "model": "auth.permission",
    "pk": 5,
    "fields": {
      "name": "Can add permission",
      "content_type": 2,
      "codename": "add_permission"
    }
  },
  {
    "model": "auth.permission",
    "pk": 6,
    "fields": {
      "name": "Can change permission",
      "content_type": 2,
      "codename": "change_permission"
    }
  },
  {
    "model": "auth.permission",
    "pk": 7,
    "fields": {
      "name": "Can delete permission",
      "content_type": 2,
      "codename": "delete_permission"
    }
  },
  {
    "model": "auth.permission",
    "pk": 8,
    "fields": {
      "name": "Can view permission",
      "content_type": 2,
      "codename": "view_permission"
    }
  },
  {
    "model": "auth.permission",
    "pk": 9,
    "fields": {
      "name": "Can add group",
      "content_type": 3,
      "codename": "add_group"
    }
  },
  {
    "model": "auth.permission",
    "pk": 10,
    "fields": {
      "name": "Can change group",
      "content_type": 3,
      "codename": "change_group"
    }
  },
  {
    "model": "auth.permission",
    "pk": 11,
    "fields": {
      "name": "Can delete group",
      "content_type": 3,
      "codename": "delete_group"
    }
  },
  {
    "model": "auth.permission",
    "pk": 12,
    "fields": {
      "name": "Can view group",
      "content_type": 3,
      "codename": "view_group"
    }
  },
  {
    "model": "auth.permission",
    "pk": 13,
    "fields": {
      "name": "Can add user",
      "content_type": 4,
      "codename": "add_user"
    }
  },
  {
    "model": "auth.permission",
    "pk": 14,
    "fields": {
      "name": "Can change user",
      "content_type": 4,
      "codename": "change_user"
    }
  },
  {
    "model": "auth.permission",
    "pk": 15,
    "fields": {
      "name": "Can delete user",
      "content_type": 4,
      "codename": "delete_user"
    }
  },
  {
    "model": "auth.permission",
    "pk": 16,
    "fields": {
      "name": "Can view user",
      "content_type": 4,
      "codename": "view_user"
    }
  },
  {
    "model": "auth.permission",
    "pk": 17,
    "fields": {
      "name": "Can add content type",
      "content_type": 5,
      "codename": "add_contenttype"
    }
  },
  {
    "model": "auth.permission",
    "pk": 18,
    "fields": {
      "name": "Can change content type",
      "content_type": 5,
      "codename": "change_contenttype"
    }
  },
  {
    "model": "auth.permission",
    "pk": 19,
    "fields": {
      "name": "Can delete content type",
      "content_type": 5,
      "codename": "delete_contenttype"
    }
  },
  {
    "model": "auth.permission",
    "pk": 20,
    "fields": {
      "name": "Can view content type",
      "content_type": 5,
      "codename": "view_contenttype"
    }
  },
  {
    "model": "auth.permission",
    "pk": 21,
    "fields": {
      "name": "Can add session",
      "content_type": 6,
      "codename": "add_session"
    }
  },
  {
    "model": "auth.permission",
    "pk": 22,
    "fields": {
      "name": "Can change session",
      "content_type": 6,
      "codename": "change_session"
    }
  },
  {
    "model": "auth.permission",
    "pk": 23,
    "fields": {
      "name": "Can delete session",
      "content_type": 6,
      "codename": "delete_session"
    }
  },
  {
    "model": "auth.permission",
    "pk": 24,
    "fields": {
      "name": "Can view session",
      "content_type": 6,
      "codename": "view_session"
    }
  },
  {
    "model": "auth.permission",
    "pk": 25,
    "fields": {
      "name": "Can add profile",
      "content_type": 7,
      "codename": "add_profile"
    }
  },
  {
    "model": "auth.permission",
    "pk": 26,
    "fields": {
      "name": "Can change profile",
      "content_type": 7,
      "codename": "change_profile"
    }
  },
  {
    "model": "auth.permission",
    "pk": 27,
    "fields": {
      "name": "Can delete profile",
      "content_type": 7,
      "codename": "delete_profile"
    }
  },
  {
    "model": "auth.permission",
    "pk": 28,
    "fields": {
      "name": "Can view profile",
      "content_type": 7,
      "codename": "view_profile"
    }
  },
  {
    "model": "auth.permission",
    "pk": 29,
    "fields": {
      "name": "Can add friend request",
      "content_type": 8,
      "codename": "add_friendrequest"
    }
  },
  {
    "model": "auth.permission",
    "pk": 30,
    "fields": {
      "name": "Can change friend request",
      "content_type": 8,
      "codename": "change_friendrequest"
    }
  },
  {
    "model": "auth.permission",
    "pk": 31,
    "fields": {
      "name": "Can delete friend request",
      "content_type": 8,
      "codename": "delete_friendrequest"
    }
  },
  {
    "model": "auth.permission",
    "pk": 32,
    "fields": {
      "name": "Can view friend request",
      "content_type": 8,
      "codename": "view_friendrequest"
    }
  },
  {
    "model": "auth.permission",
    "pk": 33,
    "fields": {
      "name": "Can add member",
      "content_type": 9,
      "codename": "add_member"
    }
  },
  {
    "model": "auth.permission",
    "pk": 34,
    "fields": {
      "name": "Can change member",
      "content_type": 9,
      "codename": "change_member"
    }
  },
  {
    "model": "auth.permission",
    "pk": 35,
    "fields": {
      "name": "Can delete member",
      "content_type": 9,
      "codename": "delete_member"
    }
  },
  {
    "model": "auth.permission",
    "pk": 36,
    "fields": {
      "name": "Can view member",
      "content_type": 9,
      "codename": "view_member"
    }
  },
  {
    "model": "auth.permission",
    "pk": 37,
    "fields": {
      "name": "Can add server",
      "content_type": 10,
      "codename": "add_server"
    }
  },
  {
    "model": "auth.permission",
    "pk": 38,
    "fields": {
      "name": "Can change server",
      "content_type": 10,
      "codename": "change_server"
    }
  },
  {
    "model": "auth.permission",
    "pk": 39,
    "fields": {
      "name": "Can delete server",
      "content_type": 10,
      "codename": "delete_server"
    }
  },
  {
    "model": "auth.permission",
    "pk": 40,
    "fields": {
      "name": "Can view server",
      "content_type": 10,
      "codename": "view_server"
    }
  },
  {
    "model": "auth.permission",
    "pk": 41,
    "fields": {
      "name": "Can add post",
      "content_type": 11,
      "codename": "add_post"
    }
  },
  {
    "model": "auth.permission",
    "pk": 42,
    "fields": {
      "name": "Can change post",
      "content_type": 11,
      "codename": "change_post"
    }
  },
  {
    "model": "auth.permission",
    "pk": 43,
    "fields": {
      "name": "Can delete post",
      "content_type": 11,
      "codename": "delete_post"
    }
  },
  {
    "model": "auth.permission",
    "pk": 44,
    "fields": {
      "name": "Can view post",
      "content_type": 11,
      "codename": "view_post"
    }
  },
  {
    "model": "auth.permission",
    "pk": 45,
    "fields": {
      "name": "Can add comment",
      "content_type": 12,
      "codename": "add_comment"
    }
  },
  {
    "model": "auth.permission",
    "pk": 46,
    "fields": {
      "name": "Can change comment",
      "content_type": 12,
      "codename": "change_comment"
    }
  },
  {
    "model": "auth.permission",
    "pk": 47,
    "fields": {
      "name": "Can delete comment",
      "content_type": 12,
      "codename": "delete_comment"
    }
  },
  {
    "model": "auth.permission",
    "pk": 48,
    "fields": {
      "name": "Can view comment",
      "content_type": 12,
      "codename": "view_comment"
    }
  },
  {
    "model": "auth.permission",
    "pk": 49,
    "fields": {
      "name": "Can add channel",
      "content_type": 13,
      "codename": "add_channel"
    }
  },
  {
    "model": "auth.permission",
    "pk": 50,
    "fields": {
      "name": "Can change channel",
      "content_type": 13,
      "codename": "change_channel"
    }
  },
  {
    "model": "auth.permission",
    "pk": 51,
    "fields": {
      "name": "Can delete channel",
      "content_type": 13,
      "codename": "delete_channel"
    }
  },
  {
    "model": "auth.permission",
    "pk": 52,
    "fields": {
      "name": "Can view channel",
      "content_type": 13,
      "codename": "view_channel"
    }
  },
  {
    "model": "auth.permission",
    "pk": 53,
    "fields": {
      "name": "Can add message",
      "content_type": 14,
      "codename": "add_message"
    }
  },
  {
    "model": "auth.permission",
    "pk": 54,
    "fields": {
      "name": "Can change message",
      "content_type": 14,
      "codename": "change_message"
    }
  },
  {
    "model": "auth.permission",
    "pk": 55,
    "fields": {
      "name": "Can delete message",
      "content_type": 14,
      "codename": "delete_message"
    }
  },
  {
    "model": "auth.permission",
    "pk": 56,
    "fields": {
      "name": "Can view message",
      "content_type": 14,
      "codename": "view_message"
    }
  },
  {
    "model": "auth.permission",
    "pk": 57,
    "fields": {
      "name": "Can add server channel",
      "content_type": 15,
      "codename": "add_serverchannel"
    }
  },
  {
    "model": "auth.permission",
    "pk": 58,
    "fields": {
      "name": "Can change server channel",
      "content_type": 15,
      "codename": "change_serverchannel"
    }
  },
  {
    "model": "auth.permission",
    "pk": 59,
    "fields": {
      "name": "Can delete server channel",
      "content_type": 15,
      "codename": "delete_serverchannel"
    }
  },
  {
    "model": "auth.permission",
    "pk": 60,
    "fields": {
      "name": "Can view server channel",
      "content_type": 15,
      "codename": "view_serverchannel"
    }
  },
  {
    "model": "auth.permission",
    "pk": 61,
    "fields": {
      "name": "Can add server channel message",
      "content_type": 16,
      "codename": "add_serverchannelmessage"
    }
  },
  {
    "model": "auth.permission",
    "pk": 62,
    "fields": {
      "name": "Can change server channel message",
      "content_type": 16,
      "codename": "change_serverchannelmessage"
    }
  },
  {
    "model": "auth.permission",
    "pk": 63,
    "fields": {
      "name": "Can delete server channel message",
      "content_type": 16,
      "codename": "delete_serverchannelmessage"
    }
  },
  {
    "model": "auth.permission",
    "pk": 64,
    "fields": {
      "name": "Can view server channel message",
      "content_type": 16,
      "codename": "view_serverchannelmessage"
    }
  },
  {
    "model": "auth.permission",
    "pk": 65,
    "fields": {
      "name": "Can add server channel allowed role",
      "content_type": 17,
      "codename": "add_serverchannelallowedrole"
    }
  },
  {
    "model": "auth.permission",
    "pk": 66,
    "fields": {
      "name": "Can change server channel allowed role",
      "content_type": 17,
      "codename": "change_serverchannelallowedrole"
    }
  },
  {
    "model": "auth.permission",
    "pk": 67,
    "fields": {
      "name": "Can delete server channel allowed role",
      "content_type": 17,
      "codename": "delete_serverchannelallowedrole"
    }
  },
  {
    "model": "auth.permission",
    "pk": 68,
    "fields": {
      "name": "Can view server channel allowed role",
      "content_type": 17,
      "codename": "view_serverchannelallowedrole"
    }
  },
  {
    "model": "auth.permission",
    "pk": 69,
    "fields": {
      "name": "Can add external service subscription",
      "content_type": 18,
      "codename": "add_externalservicesubscription"
    }
  },
  {
    "model": "auth.permission",
    "pk": 70,
    "fields": {
      "name": "Can change external service subscription",
      "content_type": 18,
      "codename": "change_externalservicesubscription"
    }
  },
  {
    "model": "auth.permission",
    "pk": 71,
    "fields": {
      "name": "Can delete external service subscription",
      "content_type": 18,
      "codename": "delete_externalservicesubscription"
    }
  },
  {
    "model": "auth.permission",
    "pk": 72,
    "fields": {
      "name": "Can view external service subscription",
      "content_type": 18,
      "codename": "view_externalservicesubscription"
    }
  },
  {
    "model": "auth.user",
    "pk": 1,
    "fields": {
      "password": "pbkdf2_sha256$870000$n7feKFt1ugfU88TAZug1fw$x1aWSfxQ8qe0wkXWHILp/VOcpI8+yarWaR3n7eqOFcc=",
      "last_login": "2025-01-15T21:41:22.921Z",
      "is_superuser": true,
      "username": "admin",
      "first_name": "",
      "last_name": "",
      "email": "admin@admin.com",
      "is_staff": true,
      "is_active": true,
      "date_joined": "2024-11-16T12:48:25.560Z",
      "groups": [],
      "user_permissions": []
    }
  },
  {
    "model": "auth.user",
    "pk": 2,
    "fields": {
      "password": "pbkdf2_sha256$870000$s2fQOwbM8VrkEJnJSG1w8S$/TTMD22sk1D17sZ4FS3Y+FHe60tifhZ+Q5QAU64AXws=",
      "last_login": null,
      "is_superuser": false,
      "username": "Alice",
      "first_name": "",
      "last_name": "",
      "email": "",
      "is_staff": false,
      "is_active": true,
      "date_joined": "2024-11-17T08:40:49.272Z",
      "groups": [],
      "user_permissions": []
    }
  },
  {
    "model": "auth.user",
    "pk": 3,
    "fields": {
      "password": "pbkdf2_sha256$870000$Lak3uuI9CMqG5659babp80$bfy2L4e0XpOQ8WR/5NChtReuqQuggdEuPRu2z2E5MY0=",
      "last_login": null,
      "is_superuser": false,
      "username": "Charlie",
      "first_name": "",
      "last_name": "",
      "email": "",
      "is_staff": false,
      "is_active": true,
      "date_joined": "2024-11-17T08:40:58Z",
      "groups": [],
      "user_permissions": []
    }
  },
  {
    "model": "auth.user",
    "pk": 4,
    "fields": {
      "password": "pbkdf2_sha256$870000$gf7YoGKDmhKAHoIZz5Bvj1$zggMW711Hld5TQpJvYvw3taXW5gBTKPw/fPq76sMZU4=",
      "last_login": null,
      "is_superuser": false,
      "username": "Yohan",
      "first_name": "",
      "last_name": "",
      "email": "",
      "is_staff": false,
      "is_active": true,
      "date_joined": "2024-11-27T18:42:16.408Z",
      "groups": [],
      "user_permissions": []
    }
  },
  {
    "model": "sessions.session",
    "pk": "0xzv26yc4ecfgiry2nt2eol0amwfnodg",
    "fields": {
      "session_data": ".eJxVjMsOwiAQRf-FtSEwUx66dN9vIAwwUjU0Ke3K-O_apAvd3nPOfYkQt7WGrZclTFlchBan341iepS2g3yP7TbLNLd1mUjuijxol-Ocy_N6uH8HNfb6rRU5IjBoINuB0wDkcHAM0Si0YBjJl4jozdkl0IxaeyjKgivElpnE-wPIMTdp:1tCahw:4jO88oBIz9x__XwCNA5oqNs_meh303m601hKqE9iIZs",
      "expire_date": "2024-12-01T08:32:36.220Z"
    }
  },
  {
    "model": "sessions.session",
    "pk": "dojnpy3tq7cw6buxnw6p5ejt9ai12zez",
    "fields": {
      "session_data": ".eJxVjMsOwiAQRf-FtSEwUx66dN9vIAwwUjU0Ke3K-O_apAvd3nPOfYkQt7WGrZclTFlchBan341iepS2g3yP7TbLNLd1mUjuijxol-Ocy_N6uH8HNfb6rRU5IjBoINuB0wDkcHAM0Si0YBjJl4jozdkl0IxaeyjKgivElpnE-wPIMTdp:1tNWjF:XeuMYnh8mkW1j8E2JpFirV4ZuxxL_ySsxrtw5Y9wQPQ",
      "expire_date": "2024-12-31T12:31:09.897Z"
    }
  },
  {
    "model": "sessions.session",
    "pk": "ef5rbrr8o1fhgkzdl154qg1rfv529cn5",
    "fields": {
      "session_data": ".eJxVjMsOwiAQRf-FtSEwUx66dN9vIAwwUjU0Ke3K-O_apAvd3nPOfYkQt7WGrZclTFlchBan341iepS2g3yP7TbLNLd1mUjuijxol-Ocy_N6uH8HNfb6rRU5IjBoINuB0wDkcHAM0Si0YBjJl4jozdkl0IxaeyjKgivElpnE-wPIMTdp:1tYB8c:c9YRfYal1vsT2E_HdOQzJdQj3B22u24zjchbuVpWLC8",
      "expire_date": "2025-01-29T21:41:22.999Z"
    }
  },
  {
    "model": "sessions.session",
    "pk": "oloflxvbmmq550ei96sx3qm5ic28nn4w",
    "fields": {
      "session_data": ".eJxVjMsOwiAQRf-FtSEwUx66dN9vIAwwUjU0Ke3K-O_apAvd3nPOfYkQt7WGrZclTFlchBan341iepS2g3yP7TbLNLd1mUjuijxol-Ocy_N6uH8HNfb6rRU5IjBoINuB0wDkcHAM0Si0YBjJl4jozdkl0IxaeyjKgivElpnE-wPIMTdp:1tHpyD:AZlUUxZL0qbnd197jQQ8XAss4RPOIDo_jHh7aBeHcwI",
      "expire_date": "2024-12-15T19:51:05.435Z"
    }
  },
  {
    "model": "users.friendrequest",
    "pk": 63,
    "fields": { "from_profile": 4, "to_profile": 3 }
  },
  {
    "model": "users.friendrequest",
    "pk": 64,
    "fields": { "from_profile": 3, "to_profile": 4 }
  },
  {
    "model": "users.friendrequest",
    "pk": 78,
    "fields": { "from_profile": 3, "to_profile": 1 }
  },
  {
    "model": "users.friendrequest",
    "pk": 79,
    "fields": { "from_profile": 1, "to_profile": 3 }
  },
  {
    "model": "users.friendrequest",
    "pk": 80,
    "fields": { "from_profile": 2, "to_profile": 3 }
  },
  {
    "model": "users.friendrequest",
    "pk": 81,
    "fields": { "from_profile": 3, "to_profile": 2 }
  },
  {
    "model": "servers.server",
    "pk": 11,
    "fields": { "name": "new", "owner": 3 }
  },
  {
    "model": "servers.member",
    "pk": 27,
    "fields": { "profile": 3, "role": "owner", "server": 11 }
  },
  {
    "model": "servers.member",
    "pk": 29,
    "fields": { "profile": 1, "role": "newbie", "server": 11 }
  },
  {
    "model": "servers.serverchannel",
    "pk": 10,
    "fields": { "name": "first", "server": 11 }
  },
  {
    "model": "servers.serverchannel",
    "pk": 11,
    "fields": { "name": "ns", "server": 11 }
  },
  {
    "model": "servers.serverchannelmessage",
    "pk": 43,
    "fields": {
      "content": "he",
      "author": 27,
      "channel": 10,
      "created_at": "2024-12-30T15:39:32.006Z"
    }
  },
  {
    "model": "servers.serverchannelmessage",
    "pk": 44,
    "fields": {
      "content": "gg",
      "author": 27,
      "channel": 10,
      "created_at": "2025-01-04T21:54:15.290Z"
    }
  },
  {
    "model": "servers.serverchannelmessage",
    "pk": 45,
    "fields": {
      "content": "and now",
      "author": 27,
      "channel": 10,
      "created_at": "2025-01-04T21:58:34.915Z"
    }
  },
  {
    "model": "servers.serverchannelmessage",
    "pk": 46,
    "fields": {
      "content": "test",
      "author": 27,
      "channel": 10,
      "created_at": "2025-01-04T22:15:57.734Z"
    }
  },
  {
    "model": "servers.serverchannelmessage",
    "pk": 47,
    "fields": {
      "content": "test",
      "author": 27,
      "channel": 10,
      "created_at": "2025-01-04T22:21:55.342Z"
    }
  },
  {
    "model": "servers.serverchannelmessage",
    "pk": 48,
    "fields": {
      "content": "wow",
      "author": 27,
      "channel": 10,
      "created_at": "2025-01-04T22:23:51.794Z"
    }
  },
  {
    "model": "servers.serverchannelallowedrole",
    "pk": 6,
    "fields": { "channel": 10, "role": "owner" }
  },
  {
    "model": "servers.serverchannelallowedrole",
    "pk": 7,
    "fields": { "channel": 10, "role": "admin" }
  },
  {
    "model": "servers.serverchannelallowedrole",
    "pk": 11,
    "fields": { "channel": 11, "role": "owner" }
  },
  {
    "model": "servers.serverchannelallowedrole",
    "pk": 12,
    "fields": { "channel": 11, "role": "admin" }
  },
  {
    "model": "servers.serverchannelallowedrole",
    "pk": 13,
    "fields": { "channel": 11, "role": "newbie" }
  },
  {
    "model": "posts.post",
    "pk": 1,
    "fields": {
      "title": "FIrst",
      "content": "Something interesting",
      "created_at": "2024-11-28T20:04:14.509Z",
      "author": 2
    }
  },
  {
    "model": "posts.post",
    "pk": 40,
    "fields": {
      "title": "new post",
      "content": "new",
      "created_at": "2024-12-03T18:55:52.527Z",
      "author": 2
    }
  },
  {
    "model": "posts.post",
    "pk": 44,
    "fields": {
      "title": "Yohan_first",
      "content": "Yohan_first",
      "created_at": "2024-12-09T16:41:35.083Z",
      "author": 4
    }
  },
  {
    "model": "posts.post",
    "pk": 53,
    "fields": {
      "title": "asd",
      "content": "asdsss",
      "created_at": "2025-01-20T20:41:29.056Z",
      "author": 3
    }
  },
  {
    "model": "posts.post",
    "pk": 54,
    "fields": {
      "title": "asd",
      "content": "asd",
      "created_at": "2025-01-25T20:07:18.542Z",
      "author": 3
    }
  },
  {
    "model": "posts.comment",
    "pk": 1,
    "fields": {
      "content": "first comment",
      "created_at": "2024-12-04T12:15:32.473Z",
      "author": 3,
      "post": 1
    }
  },
  {
    "model": "posts.comment",
    "pk": 2,
    "fields": {
      "content": "wow",
      "created_at": "2024-12-04T13:13:16.229Z",
      "author": 3,
      "post": 1
    }
  },
  {
    "model": "posts.comment",
    "pk": 3,
    "fields": {
      "content": "asdasd",
      "created_at": "2024-12-04T13:16:24.203Z",
      "author": 3,
      "post": 1
    }
  },
  {
    "model": "posts.comment",
    "pk": 4,
    "fields": {
      "content": "asd",
      "created_at": "2024-12-04T18:41:01.689Z",
      "author": 3,
      "post": 1
    }
  },
  {
    "model": "posts.comment",
    "pk": 5,
    "fields": {
      "content": "wow",
      "created_at": "2024-12-04T18:41:22.972Z",
      "author": 3,
      "post": 1
    }
  },
  {
    "model": "posts.comment",
    "pk": 6,
    "fields": {
      "content": "as",
      "created_at": "2024-12-04T18:51:24.886Z",
      "author": 3,
      "post": 1
    }
  },
  {
    "model": "posts.comment",
    "pk": 7,
    "fields": {
      "content": "new",
      "created_at": "2024-12-04T18:52:13.247Z",
      "author": 3,
      "post": 1
    }
  },
  {
    "model": "posts.comment",
    "pk": 8,
    "fields": {
      "content": "s",
      "created_at": "2024-12-05T12:29:10.325Z",
      "author": 3,
      "post": 1
    }
  },
  {
    "model": "posts.comment",
    "pk": 9,
    "fields": {
      "content": "q",
      "created_at": "2024-12-05T12:29:17.655Z",
      "author": 3,
      "post": 1
    }
  },
  {
    "model": "posts.comment",
    "pk": 11,
    "fields": {
      "content": "wow",
      "created_at": "2024-12-08T14:32:30.569Z",
      "author": 2,
      "post": 40
    }
  },
  {
    "model": "posts.comment",
    "pk": 12,
    "fields": {
      "content": "wowow",
      "created_at": "2024-12-08T14:54:35.028Z",
      "author": 3,
      "post": 1
    }
  },
  {
    "model": "posts.comment",
    "pk": 13,
    "fields": {
      "content": "ff",
      "created_at": "2024-12-09T17:19:28.145Z",
      "author": 3,
      "post": 44
    }
  },
  {
    "model": "posts.comment",
    "pk": 17,
    "fields": {
      "content": "asd",
      "created_at": "2025-01-18T21:56:29.215Z",
      "author": 3,
      "post": 44
    }
  },
  {
    "model": "posts.comment",
    "pk": 18,
    "fields": {
      "content": "gg",
      "created_at": "2025-01-18T21:56:32.991Z",
      "author": 3,
      "post": 44
    }
  },
  {
    "model": "channels.channel",
    "pk": 16,
    "fields": {
      "created_at": "2024-12-06T20:31:07.572Z",
      "participants": [2, 3]
    }
  },
  {
    "model": "channels.channel",
    "pk": 18,
    "fields": {
      "created_at": "2024-12-07T19:17:35.682Z",
      "participants": [3, 4]
    }
  },
  {
    "model": "channels.channel",
    "pk": 23,
    "fields": {
      "created_at": "2024-12-20T15:15:51.076Z",
      "participants": [1, 3]
    }
  },
  {
    "model": "channels.message",
    "pk": 2,
    "fields": {
      "channel": 16,
      "author": 3,
      "content": "firts",
      "created_at": "2024-12-06T21:23:13.762Z"
    }
  },
  {
    "model": "channels.message",
    "pk": 3,
    "fields": {
      "channel": 16,
      "author": 3,
      "content": "s",
      "created_at": "2024-12-07T16:14:26.202Z"
    }
  },
  {
    "model": "channels.message",
    "pk": 4,
    "fields": {
      "channel": 16,
      "author": 3,
      "content": "s",
      "created_at": "2024-12-07T16:23:08.809Z"
    }
  },
  {
    "model": "channels.message",
    "pk": 5,
    "fields": {
      "channel": 16,
      "author": 3,
      "content": "s",
      "created_at": "2024-12-07T16:23:45.836Z"
    }
  },
  {
    "model": "channels.message",
    "pk": 6,
    "fields": {
      "channel": 16,
      "author": 3,
      "content": "s",
      "created_at": "2024-12-07T16:25:00.081Z"
    }
  },
  {
    "model": "channels.message",
    "pk": 7,
    "fields": {
      "channel": 16,
      "author": 3,
      "content": "q",
      "created_at": "2024-12-07T16:27:58.021Z"
    }
  },
  {
    "model": "channels.message",
    "pk": 8,
    "fields": {
      "channel": 16,
      "author": 2,
      "content": "kol",
      "created_at": "2024-12-07T16:28:33.109Z"
    }
  },
  {
    "model": "channels.message",
    "pk": 9,
    "fields": {
      "channel": 18,
      "author": 4,
      "content": "Hello",
      "created_at": "2024-12-07T19:17:54.141Z"
    }
  },
  {
    "model": "channels.message",
    "pk": 10,
    "fields": {
      "channel": 16,
      "author": 2,
      "content": "s",
      "created_at": "2024-12-07T21:56:48.776Z"
    }
  },
  {
    "model": "channels.message",
    "pk": 11,
    "fields": {
      "channel": 16,
      "author": 2,
      "content": "q",
      "created_at": "2024-12-07T21:56:57.535Z"
    }
  },
  {
    "model": "channels.message",
    "pk": 12,
    "fields": {
      "channel": 16,
      "author": 2,
      "content": "dame",
      "created_at": "2024-12-07T21:57:10.449Z"
    }
  },
  {
    "model": "channels.message",
    "pk": 13,
    "fields": {
      "channel": 16,
      "author": 3,
      "content": "a",
      "created_at": "2024-12-08T13:50:49.206Z"
    }
  },
  {
    "model": "channels.message",
    "pk": 14,
    "fields": {
      "channel": 16,
      "author": 3,
      "content": "r",
      "created_at": "2024-12-08T13:56:02.648Z"
    }
  },
  {
    "model": "channels.message",
    "pk": 15,
    "fields": {
      "channel": 16,
      "author": 3,
      "content": "opa",
      "created_at": "2024-12-08T14:04:41.737Z"
    }
  },
  {
    "model": "channels.message",
    "pk": 16,
    "fields": {
      "channel": 16,
      "author": 3,
      "content": "s",
      "created_at": "2024-12-09T17:15:16.718Z"
    }
  },
  {
    "model": "channels.message",
    "pk": 17,
    "fields": {
      "channel": 16,
      "author": 3,
      "content": "nice",
      "created_at": "2024-12-09T17:15:20.814Z"
    }
  },
  {
    "model": "channels.message",
    "pk": 18,
    "fields": {
      "channel": 16,
      "author": 2,
      "content": "gg",
      "created_at": "2024-12-09T17:15:33.406Z"
    }
  },
  {
    "model": "channels.message",
    "pk": 19,
    "fields": {
      "channel": 16,
      "author": 2,
      "content": "it works",
      "created_at": "2024-12-09T17:15:39.188Z"
    }
  },
  {
    "model": "channels.message",
    "pk": 20,
    "fields": {
      "channel": 18,
      "author": 3,
      "content": "test",
      "created_at": "2024-12-09T20:01:50.126Z"
    }
  },
  {
    "model": "channels.message",
    "pk": 21,
    "fields": {
      "channel": 18,
      "author": 3,
      "content": "butt",
      "created_at": "2024-12-13T15:08:15.089Z"
    }
  },
  {
    "model": "channels.message",
    "pk": 22,
    "fields": {
      "channel": 18,
      "author": 3,
      "content": "a",
      "created_at": "2024-12-13T15:10:11.484Z"
    }
  },
  {
    "model": "channels.message",
    "pk": 23,
    "fields": {
      "channel": 16,
      "author": 3,
      "content": "bur",
      "created_at": "2024-12-13T15:10:44.455Z"
    }
  },
  {
    "model": "channels.message",
    "pk": 24,
    "fields": {
      "channel": 16,
      "author": 3,
      "content": "he",
      "created_at": "2024-12-15T18:54:21.254Z"
    }
  },
  {
    "model": "channels.message",
    "pk": 25,
    "fields": {
      "channel": 16,
      "author": 2,
      "content": "test",
      "created_at": "2024-12-16T15:00:12.726Z"
    }
  },
  {
    "model": "channels.message",
    "pk": 26,
    "fields": {
      "channel": 16,
      "author": 3,
      "content": "test2",
      "created_at": "2024-12-17T12:02:10.927Z"
    }
  },
  {
    "model": "channels.message",
    "pk": 29,
    "fields": {
      "channel": 23,
      "author": 3,
      "content": "gg",
      "created_at": "2024-12-20T15:15:56.296Z"
    }
  },
  {
    "model": "channels.message",
    "pk": 30,
    "fields": {
      "channel": 23,
      "author": 3,
      "content": "boo",
      "created_at": "2024-12-20T15:16:03.776Z"
    }
  },
  {
    "model": "channels.message",
    "pk": 31,
    "fields": {
      "channel": 16,
      "author": 3,
      "content": "hey",
      "created_at": "2024-12-27T22:02:53.089Z"
    }
  },
  {
    "model": "channels.message",
    "pk": 32,
    "fields": {
      "channel": 16,
      "author": 3,
      "content": "heya",
      "created_at": "2025-01-04T21:57:03.221Z"
    }
  },
  {
    "model": "channels.message",
    "pk": 33,
    "fields": {
      "channel": 23,
      "author": 3,
      "content": "hey bud",
      "created_at": "2025-01-05T19:39:05.996Z"
    }
  },
  {
    "model": "channels.message",
    "pk": 34,
    "fields": {
      "channel": 23,
      "author": 3,
      "content": "asd",
      "created_at": "2025-01-10T14:19:13.220Z"
    }
  },
  {
    "model": "channels.message",
    "pk": 35,
    "fields": {
      "channel": 16,
      "author": 3,
      "content": "s",
      "created_at": "2025-01-20T14:58:24.130Z"
    }
  },
  {
    "model": "channels.message",
    "pk": 36,
    "fields": {
      "channel": 23,
      "author": 3,
      "content": "g",
      "created_at": "2025-01-20T14:58:33.966Z"
    }
  },
  {
    "model": "channels.message",
    "pk": 37,
    "fields": {
      "channel": 23,
      "author": 3,
      "content": "g",
      "created_at": "2025-01-20T15:02:50.596Z"
    }
  },
  {
    "model": "channels.message",
    "pk": 38,
    "fields": {
      "channel": 23,
      "author": 3,
      "content": "g",
      "created_at": "2025-01-20T15:04:10.904Z"
    }
  },
  {
    "model": "channels.message",
    "pk": 39,
    "fields": {
      "channel": 23,
      "author": 3,
      "content": "gg",
      "created_at": "2025-01-20T15:04:17.470Z"
    }
  },
  {
    "model": "games.game",
    "pk": 1,
    "fields": {
      "name": "Tic-Tac-Toe",
      "slug": "tic-tac-toe"
    }
  }
]
